{"lr": 0.001, "num_filters": 16, "batch_size": 128, "learning_curve": [0.3867788462, 0.6803485577, 0.7579126603, 0.7853165064, 0.8052884615, 0.8122996795, 0.8178285256, 0.8211137821, 0.8235777244, 0.826963141, 0.8290264423, 0.8318108974], "test_error": 0.33778400757373905, "filter_size": 1}
