{"lr": 0.001, "num_filters": 16, "batch_size": 128, "learning_curve": [0.4484975962, 0.7786458333, 0.8130809295, 0.8221354167, 0.830068109, 0.8342347756, 0.8361578526, 0.8373998397, 0.8362179487, 0.8376001603, 0.8384014423, 0.8392427885], "test_error": 0.3148002580572397, "filter_size": 5}
