{"num_filters": 16, "batch_size": 128, "lr": 0.0001, "test_error": 0.7578506882374103, "learning_curve": [0.2504807692, 0.4405048077, 0.4872596154, 0.5550480769, 0.6207331731, 0.6559895833, 0.6822315705, 0.7194911859, 0.7468950321, 0.7575921474, 0.7676883013, 0.7774839744]}
