{"num_filters": 16, "batch_size": 128, "lr": 0.001, "test_error": 0.313, "learning_curve": [0.4830729167, 0.769911859, 0.8154046474, 0.8252003205, 0.8350560897, 0.8362580128, 0.8329527244, 0.8316907051, 0.8353766026, 0.8379206731,	0.8407451923, 0.8420072115]}
