{"lr": 0.001, "num_filters": 16, "batch_size": 128, "learning_curve": [0.5057892628, 0.7781049679, 0.8099559295, 0.8193309295, 0.8219551282, 0.8247195513, 0.8293870192, 0.8323317308, 0.8357572115, 0.8398237179, 0.8437900641, 0.8468149038], "test_error": 0.3825480062992145, "filter_size": 7}
