{"num_filters": 16, "batch_size": 128, "lr": 0.01, "test_error": 0.445987916909731, "learning_curve": [0.7338341346, 0.8345953526, 0.8526842949, 0.8552283654, 0.857431891, 0.8607572115, 0.8609975962, 0.8623597756, 0.8634014423, 0.8635016026, 0.8640424679, 0.8642828526]}
