{"lr": 0.001, "num_filters": 16, "batch_size": 128, "learning_curve": [0.3822115385, 0.7430288462, 0.7987780449, 0.8172475962, 0.8262820513, 0.8314703526, 0.8349358974, 0.8369190705, 0.8407652244, 0.8435496795, 0.8430288462, 0.8430889423], "test_error": 0.318733322314727, "filter_size": 3}
