{"num_filters": 16, "batch_size": 128, "lr": 0.1, "test_error": 0.3070659035673508, "learning_curve": [0.7536258013, 0.8709134615, 0.870713141, 0.8743589744, 0.8713541667, 0.8716947115, 0.8739783654, 0.8749799679, 0.8746794872, 0.8741386218, 0.8726161859, 0.8713942308]}
